category,query
Women,Britney Spears
Women,Britney Spears
People,Britney Spears
Men,Gareth Gates
People,Big Brother
People,EasyJet
People,Britney Spears
Women,Britney Spears
Women,Holly Valance
Women,Kelly Brook
People,Britney Spears
People,Harry Potter
Women,Britney Spears
Women,JLo
Women,Christina Aguilera
People,Prince Charles
People,Winnie the Pooh
People,EasyJet
Men,Usher
Men,Johnny Depp
People,Britney Spears
People,Paris Hilton
People,Christina Aguilera
People,Chat
Women,Britney Spears
Women,Paris Hilton
Women,Christina Aguilera
People,Britney Spears
People,Charice Pempengco
People,Jonas Brothers
People,YouTube
People,Chatroulette
People,Jason Ivler
People,Amy Winehouse
People,Rebecca Black
People,Amy Winehouse
People,Amy Winehouse
People,J. Cole
People,Amy Winehouse
People,Rebecca Black
People,Jack Layton
People,Casey Anthony
People,Roberto Bruce
People,Amy Winehouse
People,Amy Winehouse
People,Amy Winehouse
People,Amy Winehouse
People,Amy Winehouse
People,Imogen Thomas
People,Amy Winehouse
People,YouTube
People,Daily Nation
People,Amy Winehouse
People,Amy Winehouse
People,Amy Winehouse
People,Rebecca Black
People,Chris Medina
People,Amy Winehouse
People,Rebecca Black
People,Shamcey Supsup
People,Amy Winehouse
People,Amy Winehouse
People,Amy Winehouse
People,Amy Winehouse
People,Amy Winehouse
People,Amy Winehouse
People,Amy Winehouse
People,Rebecca Black
People,Ed Sheeran
People,Amy Winehouse
People,iPhone 5
People,Rebecca Black
People,Hurricane Irene
Athletes,Jeremy Lin
Athletes,Junior Seau
People,Whitney Houston
People,Michael Clarke Duncan
People,Whitney Houston
People,Michael Clarke Duncan
People,Whitney Houston
People,Hurricane Sandy
People,Whitney Houston
People,YouTube music
People,Whitney Houston
People,John Mccarthy
People,The Voice
People,Whitney Houston
People,Olympics
People,Whitney Houston
People,Red Bull Stratos
People,Whitney Houston
People,Whitney Houston
People,Jeremy Lin
People,Michael Clarke Duncan
People,Hurricane Sandy
People,Olympics
People,Servel
People,Whitney Houston
People,Whitney Houston
People,David Rath
People,Michael Clarke Duncan
People,Whitney Houston
People,Whitney Houston
People,Whitney Houston
People,Thierry Roland
People,Whitney Houston
People,Loving You
People,Whitney Houston
People,Whatsapp
People,Rowdy Rathore
People,Tomcat
People,Coboy Junior
Athletes,Bradley Wiggins
Athletes,David Rudisha
People,Liam Neeson
People,April Jones
People,Whitney Houston
People,Jill Meagher
People,April Jones
People,Whitney Houston
People,Terremoto
People,Whitney Houston
People,Whitney Houston
People,Whitney Houston
People,Jeremy Lin
People,Uncle Seekers
People,Proton Preve
People,Whitney Houston
People,Whitney Houston
People,Reece Mastin
People,Michael Clarke Duncan
People,Olympics
People,Whitney Houston
People,Whitney Houston
People,Victor Moses
People,Whitney Houston
People,Whitney Houston
People,Wachiturros
People,Whitney Houston
People,Jeremy Lin
People,Whitney Houston
People,Super Bass lyrics
Athletes,Lee Richardson
People,Whitney Houston
People,Tablica
People,TVN player
People,Rock In Rio
People,Whitney Houston
People,Cristian Gog
People,Creative Monkeyz
People,Macky Sall
People,Whitney Houston
People,Tamsir Jupiter Ndiaye
People,Jeremy Lin
People,Whitney Houston
People,Amy Cheong
People,Olympics 2012
People,Whitney Houston
People,Michael Clarke Duncan
Athletes,Lance Armstrong
People,Whitney Houston
People,Whitney Houston
People,Hurricane Sandy
People,Olympics
People,Whitney Houston
People,Whitney Houston
People,Micaela Schaefer
People,4Shared
People,YouTube
People,Whitney Houston
People,Waptrick
People,Whitney Houston
People,Whitney Houston
People,Olympics 2012
People,The Avengers
People,Whitney Houston
People,Gary Barlow
People,Jessica Ennis
People,Olympic tickets
People,Whitney Houston
People,April Jones
Athletes,Jeremy Lin
People,Whitney Houston
People,Jeremy Lin
People,Michael Clark Duncan
People,Whitney Houston
People,Hurricane Sandy
People,Jeremy Lin
Athletes,Kevin Ware
Athletes,Lance Armstrong
People,James Gandolfini
People,Cory Monteith
People,James Gandolfini
People,Robin Thicke
People,iPhone 5s
People,Cory Monteith
People,Cory Monteith
People,Cory Monteith
People,Ricky Martin
People,Rolf Harris
People,Cory Monteith
People,iPhone 5s
People,North Korea
People,Cory Monteith
Athletes,Jarome Iginla
Global Figures,Rob Ford
Global Figures,Cory Monteith
Global Figures,Chris Hadfield
People,Cory Monteith
People,James Gandolfini
People,Rob Ford
People,Cory Monteith
People,Boston Marathon
People,Douglas Adams
People,Trayvon Martin
People,Cory Monteith
People,Margaret Thatcher
People,Cory Monteith
People,Property Tax
People,Daily post
People,Americas Cup
People,Cory Monteith
People,Cory Monteith
People,PTV sports live
Global Figures,Cory Monteith
People,Defencex
People,Cory Monteith
People,Margaret Thatcher
People,iPhone 5s
People,Cory Monteith
Athletes,Kevin Ware
Athletes,Jason Collins
People,Boston Marathon Bombing
People,Cory Monteith
People,iPhone 5s
People,Robin Williams
People,World Cup
People,Tracy Morgan
Athletes,Ray Rice
People,Robin Williams
People,Philip Seymour Hoffman
People,World Cup
People,Robin Williams
People,Charlotte Dawson
People,Phil Hughes
Global Figures,Robin Williams
Global Figures,Philip Seymour Hoffman
People,Robin Williams
People,World Cup 2014
Athletes,Ray Rice
Global Figures,Jian Ghomeshi
Global Figures,Rob Ford
People,Robin Williams
People,Philip Seymour Hoffman
People,Joan Rivers
People,Jian Ghomeshi
People,Robin Williams
People,World Cup
People,iPhone 6
People,Winter Olympics
People,Robin Williams
People,Joan Rivers
People,Robin Williams
People,Robin Williams
People,Joan Rivers
Global Figures,Robin Williams
Global Figures,Conchita Wurst
Global Figures,Philip Seymour Hoffman
Global Figures,Robin Williams
Global Figures,Conchita Wurst
Global Figures,Philip Seymour Hoffman
People,Robin Williams
People,Shatta Wale
People,Robin Williams
People,World Cup 2014
People,iPhone 6
People,Garth Brooks
People,Robin Williams
People,FIFA World Cup
People,Robin Williams
People,Commonwealth Games
People,iPhone 6
People,Joan Rivers
People,Robin Williams
People,ARY News Live
People,Express News Live
People,PTV Sports
People,Robin Williams
People,Joan Rivers
People,Robin Williams
People,Guty Carrera
People,Flappy Bird
People,Robin Williams
People,Conchita Wurst
People,Robin Williams
Global Figures,Robin Williams
Global Figures,Philip Seymour Hoffman
Global Figures,Dwayne Johnson
Global Figures,Conchita Wurst
People,Robin Williams
People,Joan Rivers
People,iPhone 6
People,Robin Williams
People,Senepeople
People,World Cup 2014
People,iPhone 6
People,Robin Williams
People,Robin Williams
People,Joan Rivers
People,Robin Williams
People,Conchita Wurst
People,Robin Williams
People,World Cup 2014
People,Conchita Wurst
People,Robin Williams
People,Conchita Wurst
People,Philip Seymour Hoffman
People,Ace Wilder
Global Figures,Robin Williams
Global Figures,Conchita Wurst
People,World Cup 2014
People,iPhone 6
People,Robin Williams
People,Robin Williams
People,World Cup
People,Flappy Bird
People,Tracy Morgan
People,Ray Rice
Athletes,Ray Rice
Athletes,Richard Sherman
Athletes,Carmelo Anthony
People,Robin Williams
People,Jurassic World
People,Ronda Rousey
People,Alberto Nisman
People,Rugby World Cup
People,Ronda Rousey
Global Figures,Christopher Lee
People,www.xiclassadmission.gov.bd
People,ICC World Cup 2015
People,Paris Shooting
People,Chris Hyndman
People,Bobbi Kristina Brown
People,Ronda Rousey
People,ICC Cricket World Cup 2015
People,Indian Premier League (IPL)
People,Lady Colin Campbell
People,Ed Sheeran
People,Cricket World Cup
People,Amy Jackson
Men,Stephen Curry
Global Figures,Taylor Swift
People,fast and furious 7
People,WhatsApp Web
People,iPhone 6s
People,Chee Soon Juan
People,Hedy Lamarr
People,Cricket World Cup
Global Figures,Collins Chabane
Global Figures,King Zwelithini
People,Sheikh Rashid bin Mohammed bin Rashid Al Maktoum
People,Indian Premier League
People,The Fast and the Furious 7
People,Lady Colin Campbell
People,Jeremy Clarkson
People,Jurassic World
People,American Sniper
People,Ronda Rousey
People,Ronda Rousey
People,Donald Trump
People,Ruby Rose
Athletes,Ronda Rousey
Athletes,Holly Holm
Athletes,Stephen Curry
People,iPhone 7
People,Donald Trump
People,Prince
People,Donald Trump
People,Hillary Clinton
People,Donald Trump
Global Figures,Donald Trump
Global Figures,Hillary Clinton
Global Figures,Christian Kern
People,Donald Trump
People,Hillary Clinton
Global Figures,Donald Trump
Global Figures,Prince
Global Figures,Leonard Cohen
Global Figures,Donald Trump
Global Figures,Hillary Clinton
Global Figures,Boris Johnson
Global Figures,Leonard Cohen
People,Donald Trump
People,Fort McMurray Fire
People,Prince
People,Donald Trump
People,Harley Quinn
People,Athena Onassis
People,Donald Trump
Global Figures,Donald Trump
Global Figures,Prince
People,Donald Trump
People,Axl Smith
People,Donald Trump
People,Rio 2016 Olympics
People,Donald Trump
People,Donald Trump
People,Donald Trump
People,Donald Trump
People,Hillary Clinton
People,Donald Trump
People,Hillary Clinton
People,Cricket score
People,PTV Sports Live
People,Donald Trump
People,Donald Trump
People,Hillary Cilnton
Men,Donald Trump
People,Donald Trump
People,Prince
Global Figures,Prince
Global Figures,Donald Trump
Global Figures,Leonard Cohen
People,Donald Trump
People,Prince
Athletes,Joseph Schooling
People,Joseph Schooling
People,Donald Trump
People,Donald Trump
People,Olympic Games Rio 2016
People,Donald Trump
People,iPhone 7
People,Donald Trump
People,Prince
People,Cricket score
People,Donald Trump
People,Hillary Clinton
People,Donald Trump
People,Hillary Clinton
People,Therese Johaug
People,Donald Trump
People,Rio Olympics
People,Donald Trump
People,Prince
People,Hurricane Matthew
People,Slither.io
People,Donald Trump
People,Hillary Clinton
Athletes,Cam Newton
People,Hurricane Irma
People,iPhone 8
People,iPhone X
People,Nadia Toffa
People,Kevin Spacey
People,Chris Cornell
People,Mosarof Korim
Global Figures,Donald Trump
Global Figures,Kevin Spacey
Global Figures,Charles Puidgemont
Global Figures,Theo Francken
Global Figures,Charles Michel
People,Hurricane Irma
People,North Korea
People,Kevin Spacey
Global Figures,Donald Trump
Global Figures,Roy Moore
People,Kevin Spacey
People,Kaleth Morales
People,Chris Cornell
People,Hugh Hefner
People,Chris Cornell
People,Indian Premier League
People,Live Cricket Score
People,Hurricane Ophelia
People,Donald Trump
People,13 Reasons Why
People,Nadia Toffa
People,Donald Trump
People,Evans the kidnapper
People,Donald Trump
People,ICC Champions Trophy
People,Coutinho
People,Versace on the Floor lyrics
People,Miss Universe 2017
Global Figures,Donald Trump
Global Figures,Shirin David
Global Figures,Ed Sheeran
Global Figures,Kevin Spacey
People,iPhone 8
People,Hurricane Irma
People,Manchester bombing
People,Shannon Matthews
People,Hurricane Irma
People,Super Bowl
People,Las Vegas shooting
People,Kevin Spacey
People,Action movies
People,World Cup
People,Black Panther
Athletes,Tristan Thompson
Athletes,Shaun White
People,World Cup
People,Commonwealth Games
People,World Cup
People,Live football
People,Hailey Baldwin
People,World Cup
People,Winter Olympic Games
People,Anthony Bourdain
People,Yerry Mina
People,Freddie Mercury
People,Freddie Mercury
Global Figures,Freddie Mercury
Global Figures,Ed Sheeran
People,Anthony Bourdain
People,FIFA World Cup 2018
People,World Cup
People,Freddie Mercury
People,World Cup
People,Stuff news NZ
People,Commonwealth Games
Global Figures,Freddie Mercury
Global Figures,Olivia Newton John
People,Philippe Coutinho
People,Fifa World Cup
People,XXXX Brewery Brisbane
Men,Freddie Mercury
People,Anthony Bourdain
Global Figures,George Soros
People,World Cup Fixtures
People,Freddie Mercury
People,World Cup
People,Black Panther
People,World Cup
People,Hurricane Florence
People,Anthony Bourdain
Athletes,Tristan Thompson
Athletes,Shaun White
People,World Cup Fixtures
People,Nelson Chamisa
People,Zimbabwe elections
People,Black Panther
People,India vs South Africa
People,Cameron Boyce
People,iPhone 11
People,Antonio Brown
People,James Charles
Athletes,Antonio Brown
Athletes,Bryce Harper
People,Cameron Boyce
People,Fires near me
People,Rugby World Cup
People,Cricket World Cup
People,Election results Australia 2019
People,Cameron Boyce
Global Figures,James Charles
People,ICC World Cup 2019
People,Afif Hossain
People,Jair Bolsonaro
People,Cameron Boyce
Global Figures,Don Cherry
People,Don Cherry
People,Antonio Brown
People,Cameron Boyce
People,Thanos
People,Cameron Boyce
Global Figures,Ed Sheeran
Global Figures,Freddie Mercury
Global Figures,Cameron Boyce
Global Figures,Ted Bundy
Global Figures,Bradley Cooper
People,Ed Sheeran
People,Thanos
People,Cameron Boyce
People,Cricket World Cup
People,Lok Sabha Elections
People,Rugby World Cup
People,Game of Thrones
People,Shane Lowry
People,James Charles
People,Boris Johnson
People,Nadia Toffa
People,Sergio Goyri
People,Rugby World Cup
People,New Zealand vs England
People,Cricket World Cup
People,Christchurch Shooting
People,Stuff News NZ
Global Figures,James Charles
Global Figures,Prince Andrew
People,Pakistan vs South Africa
People,Live Cricket
People,Sony Liv
People,Asif Ali
People,Thanos
People,Cameron Boyce
People,Cameron Boyce
People,Thanos
People,Cameron Boyce
Global Figures,Bradley Cooper
People,Thanos
People,Black Friday
People,Rugby World Cup
People,Cricket World Cup
People,Game of Thrones
People,Thanos
People,James Charles
People,Prince Andrew
People,Tommy Fury
People,Boris Johnson
People,Disney Plus
People,Cameron Boyce
People,Hurricane Dorian
People,Antonio Brown
People,Antonio Brown
People,James Charles
People,R. Kelly
Athletes,Antonio Brown
Athletes,Bryce Harper
Athletes,Tyson Fury
Athletes,Tom Brady
People,Boris Johnson
People,US election
People,Donald Trump
People,US election
People,Raptors
People,Boris Johnson
Athletes,Tyson Fury
People,Christian Garín
People,Donald Trump
People,Will Smith
People,Donald Trump
Global Figures,Donald Trump
Global Figures,Marsha P. Johnson
Global Figures,Donald Trump
People,Will Smith
People,Indian Premier League
People,Bihar election results
People,US election
People,Caroline Flack
People,CNN
People,Boris Johnson
People,Phillip Schofield
People,Donald Trump
People,Christian Nodal
People,Will Smith
People,US Election Results
Global Figures,Donald Trump
Global Figures,Boris Johnson
People,US Election
People,Will Smith
Global Figures,Donald Trump
People,Sasol share price
People,Level 3 lockdown South Africa
People,Children’s Day
People,classroom
People,Donald Trump
People,Boris Johnson
People,US election
People,Caroline Flack
People,Phillip Schofield
People,Jordan North
Athletes,Tom Brady
